{
  "dependencies": {
    "appInsights1": {
      "resourceId": "/subscriptions/[parameters('subscriptionId')]/resourceGroups/[parameters('resourceGroupName')]/providers/microsoft.insights/components/FunAppHttpReq",
      "type": "appInsights.azure",
      "connectionId": "APPLICATIONINSIGHTS_CONNECTION_STRING"
    },
    "storage1": {
      "resourceId": "/subscriptions/[parameters('subscriptionId')]/resourceGroups/[parameters('resourceGroupName')]/providers/Microsoft.Storage/storageAccounts/deepakresourcemanaga520",
      "type": "storage.azure",
      "connectionId": "AzureWebJobsStorage"
    }
  }
}